{"cameraMode":{"drawMode":0,"name":"Shaded","section":"Shading Mode"},"sceneLighting":false,"audioPlay":false,"sceneViewState":{"m_AlwaysRefresh":false,"showFog":true,"showSkybox":false,"showFlares":true,"showImageEffects":true,"showParticleSystems":true,"showVisualEffectGraphs":true,"m_FxEnabled":true},"in2DMode":false,"pivot":{"x":244.7765655517578,"y":-10.886490821838379,"z":13.17109489440918},"rotation":{"x":-0.35051706433296206,"y":0.056702468544244769,"z":-0.02126925066113472,"w":-0.9346029162406921},"size":19.204498291015626,"orthographic":false}