{"cameraMode":{"drawMode":0,"name":"Shaded","section":"Shading Mode"},"sceneLighting":false,"audioPlay":false,"sceneViewState":{"m_AlwaysRefresh":false,"showFog":true,"showSkybox":false,"showFlares":true,"showImageEffects":true,"showParticleSystems":true,"showVisualEffectGraphs":true,"m_FxEnabled":true},"in2DMode":false,"pivot":{"x":0.011775016784667969,"y":1.9746897220611573,"z":-2.4926652908325197},"rotation":{"x":0.06729800999164581,"y":-0.892784595489502,"z":0.14234556257724763,"w":0.42208898067474368},"size":4.574466705322266,"orthographic":false}