{"cameraMode":{"drawMode":0,"name":"Shaded","section":"Shading Mode"},"sceneLighting":false,"audioPlay":false,"sceneViewState":{"m_AlwaysRefresh":false,"showFog":true,"showSkybox":false,"showFlares":true,"showImageEffects":true,"showParticleSystems":true,"showVisualEffectGraphs":true,"m_FxEnabled":true},"in2DMode":false,"pivot":{"x":-0.2825288772583008,"y":1.0928585529327393,"z":0.0340118408203125},"rotation":{"x":0.06331894546747208,"y":0.920257568359375,"z":-0.3479747772216797,"w":0.16746078431606294},"size":6.0995588302612309,"orthographic":false}