{"cameraMode":{"drawMode":0,"name":"Shaded","section":"Shading Mode"},"sceneLighting":false,"audioPlay":false,"sceneViewState":{"m_AlwaysRefresh":false,"showFog":true,"showSkybox":false,"showFlares":true,"showImageEffects":true,"showParticleSystems":true,"showVisualEffectGraphs":true,"m_FxEnabled":true},"in2DMode":false,"pivot":{"x":-0.6154541969299316,"y":0.6850153207778931,"z":-0.20496177673339845},"rotation":{"x":0.0012869840720668436,"y":0.9851360321044922,"z":-0.1716514527797699,"w":0.007389821577817202},"size":7.415842056274414,"orthographic":false}