{"cameraMode":{"drawMode":0,"name":"Shaded","section":"Shading Mode"},"sceneLighting":false,"audioPlay":false,"sceneViewState":{"m_AlwaysRefresh":false,"showFog":true,"showSkybox":false,"showFlares":true,"showImageEffects":true,"showParticleSystems":true,"showVisualEffectGraphs":true,"m_FxEnabled":true},"in2DMode":false,"pivot":{"x":-0.7950806021690369,"y":0.7551681995391846,"z":0.6288150548934937},"rotation":{"x":-0.04163258895277977,"y":0.9516342878341675,"z":-0.2652275562286377,"w":-0.14937752485275269},"size":1.8000173568725587,"orthographic":false}