{"cameraMode":{"drawMode":0,"name":"Shaded","section":"Shading Mode"},"sceneLighting":false,"audioPlay":false,"sceneViewState":{"m_AlwaysRefresh":false,"showFog":true,"showSkybox":false,"showFlares":true,"showImageEffects":true,"showParticleSystems":true,"showVisualEffectGraphs":true,"m_FxEnabled":true},"in2DMode":false,"pivot":{"x":2.0959250926971437,"y":4.087933540344238,"z":1.6886653900146485},"rotation":{"x":-0.019145069643855096,"y":0.9800614714622498,"z":-0.11848350614309311,"w":-0.15836188197135926},"size":14.050053596496582,"orthographic":false}