{"cameraMode":{"drawMode":0,"name":"Shaded","section":"Shading Mode"},"sceneLighting":true,"audioPlay":false,"sceneViewState":{"m_AlwaysRefresh":false,"showFog":true,"showSkybox":true,"showFlares":true,"showImageEffects":true,"showParticleSystems":true,"showVisualEffectGraphs":true,"m_FxEnabled":true},"in2DMode":false,"pivot":{"x":1.2849643230438233,"y":-0.33748793601989748,"z":-4.677702903747559},"rotation":{"x":-0.20390625298023225,"y":0.03875386342406273,"z":-0.008078427985310555,"w":-0.9781907796859741},"size":3.5398318767547609,"orthographic":false}