{"cameraMode":{"drawMode":0,"name":"Shaded","section":"Shading Mode"},"sceneLighting":false,"audioPlay":false,"sceneViewState":{"m_AlwaysRefresh":false,"showFog":true,"showSkybox":false,"showFlares":true,"showImageEffects":true,"showParticleSystems":true,"showVisualEffectGraphs":true,"m_FxEnabled":true},"in2DMode":false,"pivot":{"x":243.05526733398438,"y":3.3970842361450197,"z":0.05576896667480469},"rotation":{"x":-0.0960547998547554,"y":0.9014191627502441,"z":-0.33191683888435366,"w":-0.2608664929866791},"size":33.72922897338867,"orthographic":false}