{"cameraMode":{"drawMode":0,"name":"Shaded","section":"Shading Mode"},"sceneLighting":false,"audioPlay":false,"sceneViewState":{"m_AlwaysRefresh":false,"showFog":true,"showSkybox":false,"showFlares":true,"showImageEffects":true,"showParticleSystems":true,"showVisualEffectGraphs":true,"m_FxEnabled":true},"in2DMode":false,"pivot":{"x":1.2948487997055054,"y":-0.8522194623947144,"z":-1.7084379196166993},"rotation":{"x":0.07764846831560135,"y":0.7502279877662659,"z":-0.08955594897270203,"w":0.650473952293396},"size":2.7877039909362795,"orthographic":false}