{"cameraMode":{"drawMode":0,"name":"Shaded","section":"Shading Mode"},"sceneLighting":false,"audioPlay":false,"sceneViewState":{"m_AlwaysRefresh":false,"showFog":true,"showSkybox":false,"showFlares":true,"showImageEffects":true,"showParticleSystems":true,"showVisualEffectGraphs":true,"m_FxEnabled":true},"in2DMode":false,"pivot":{"x":-0.28892970085144045,"y":0.8024085760116577,"z":-0.0149383544921875},"rotation":{"x":0.12513355910778047,"y":-0.17611604928970338,"z":0.022604500874876977,"w":0.9761561155319214},"size":4.999022483825684,"orthographic":false}