{"cameraMode":{"drawMode":0,"name":"Shaded","section":"Shading Mode"},"sceneLighting":false,"audioPlay":false,"sceneViewState":{"m_AlwaysRefresh":false,"showFog":true,"showSkybox":false,"showFlares":true,"showImageEffects":true,"showParticleSystems":true,"showVisualEffectGraphs":true,"m_FxEnabled":true},"in2DMode":false,"pivot":{"x":245.30593872070313,"y":2.790189743041992,"z":-1.6300907135009766},"rotation":{"x":-0.015834512189030649,"y":0.9834970831871033,"z":-0.14442884922027589,"w":-0.10782580822706223},"size":13.403009414672852,"orthographic":false}