{"cameraMode":{"drawMode":0,"name":"Shaded","section":"Shading Mode"},"sceneLighting":false,"audioPlay":false,"sceneViewState":{"m_AlwaysRefresh":false,"showFog":true,"showSkybox":false,"showFlares":true,"showImageEffects":true,"showParticleSystems":true,"showVisualEffectGraphs":true,"m_FxEnabled":true},"in2DMode":false,"pivot":{"x":2.6650805473327638,"y":-0.1874847412109375,"z":2.453986167907715},"rotation":{"x":0.030472084879875184,"y":0.9640200138092041,"z":-0.23163481056690217,"w":0.12681886553764344},"size":18.214662551879884,"orthographic":false}