{"cameraMode":{"drawMode":0,"name":"Shaded","section":"Shading Mode"},"sceneLighting":false,"audioPlay":false,"sceneViewState":{"m_AlwaysRefresh":false,"showFog":true,"showSkybox":false,"showFlares":true,"showImageEffects":true,"showParticleSystems":true,"showVisualEffectGraphs":true,"m_FxEnabled":true},"in2DMode":false,"pivot":{"x":0.1060791015625,"y":3.5470046997070314,"z":2.6757678985595705},"rotation":{"x":0.0018870544154196978,"y":0.9791603088378906,"z":-0.20288293063640595,"w":0.00910731591284275},"size":8.085714340209961,"orthographic":false}