{"cameraMode":{"drawMode":0,"name":"Shaded","section":"Shading Mode"},"sceneLighting":false,"audioPlay":false,"sceneViewState":{"m_AlwaysRefresh":false,"showFog":true,"showSkybox":false,"showFlares":true,"showImageEffects":true,"showParticleSystems":true,"showVisualEffectGraphs":true,"m_FxEnabled":true},"in2DMode":false,"pivot":{"x":5.249998092651367,"y":-1.0252041816711426,"z":-0.28597062826156618},"rotation":{"x":0.16662763059139253,"y":0.6492843627929688,"z":-0.14881683886051179,"w":0.7269924283027649},"size":4.200016975402832,"orthographic":false}