{"cameraMode":{"drawMode":0,"name":"Shaded","section":"Shading Mode"},"sceneLighting":false,"audioPlay":false,"sceneViewState":{"m_AlwaysRefresh":false,"showFog":true,"showSkybox":false,"showFlares":true,"showImageEffects":true,"showParticleSystems":true,"showVisualEffectGraphs":true,"m_FxEnabled":true},"in2DMode":false,"pivot":{"x":-26.094249725341798,"y":38.72896957397461,"z":11.901580810546875},"rotation":{"x":-0.04812433943152428,"y":0.08290456235408783,"z":-0.0040087890811264519,"w":-0.9953906536102295},"size":49.882389068603519,"orthographic":false}