{"cameraMode":{"drawMode":0,"name":"Shaded","section":"Shading Mode"},"sceneLighting":false,"audioPlay":false,"sceneViewState":{"m_AlwaysRefresh":false,"showFog":true,"showSkybox":false,"showFlares":true,"showImageEffects":true,"showParticleSystems":true,"showVisualEffectGraphs":true,"m_FxEnabled":true},"in2DMode":false,"pivot":{"x":0.43000006675720217,"y":1.2300000190734864,"z":-1.0224612951278687},"rotation":{"x":-0.04699177294969559,"y":-0.7685825824737549,"z":0.056830909103155139,"w":-0.6354959011077881},"size":3.5564076900482179,"orthographic":false}