{"cameraMode":{"drawMode":0,"name":"Shaded","section":"Shading Mode"},"sceneLighting":false,"audioPlay":false,"sceneViewState":{"m_AlwaysRefresh":false,"showFog":true,"showSkybox":false,"showFlares":true,"showImageEffects":true,"showParticleSystems":true,"showVisualEffectGraphs":true,"m_FxEnabled":true},"in2DMode":false,"pivot":{"x":-1.5987590551376343,"y":3.500720500946045,"z":-0.35535871982574465},"rotation":{"x":-0.012800205498933792,"y":0.1306891143321991,"z":-0.0016816508723422886,"w":-0.9913724660873413},"size":6.23150110244751,"orthographic":false}