{"cameraMode":{"drawMode":0,"name":"Shaded","section":"Shading Mode"},"sceneLighting":false,"audioPlay":false,"sceneViewState":{"m_AlwaysRefresh":false,"showFog":true,"showSkybox":false,"showFlares":true,"showImageEffects":true,"showParticleSystems":true,"showVisualEffectGraphs":true,"m_FxEnabled":true},"in2DMode":false,"pivot":{"x":88.69693756103516,"y":23.398752212524415,"z":3.468377113342285},"rotation":{"x":-0.004587972536683083,"y":-0.6866656541824341,"z":0.0043310364708304409,"w":-0.7269577980041504},"size":93.70771026611328,"orthographic":false}