{"cameraMode":{"drawMode":0,"name":"Shaded","section":"Shading Mode"},"sceneLighting":false,"audioPlay":false,"sceneViewState":{"m_AlwaysRefresh":false,"showFog":true,"showSkybox":false,"showFlares":true,"showImageEffects":true,"showParticleSystems":true,"showVisualEffectGraphs":true,"m_FxEnabled":true},"in2DMode":false,"pivot":{"x":-3.5762786865234377e-7,"y":1.1018834114074708,"z":-0.40535521507263186},"rotation":{"x":0.062060169875621799,"y":-0.017627468332648279,"z":0.001095711369998753,"w":0.9979237914085388},"size":4.517188549041748,"orthographic":false}