{"cameraMode":{"drawMode":0,"name":"Shaded","section":"Shading Mode"},"sceneLighting":true,"audioPlay":false,"sceneViewState":{"m_AlwaysRefresh":false,"showFog":true,"showSkybox":true,"showFlares":true,"showImageEffects":true,"showParticleSystems":true,"showVisualEffectGraphs":true,"m_FxEnabled":true},"in2DMode":false,"pivot":{"x":-0.06935342401266098,"y":-3.920055389404297,"z":11.284461975097657},"rotation":{"x":0.14581933617591859,"y":-0.028500663116574289,"z":0.004224346484988928,"w":0.988919734954834},"size":11.6283597946167,"orthographic":false}