{"cameraMode":{"drawMode":0,"name":"Shaded","section":"Shading Mode"},"sceneLighting":false,"audioPlay":false,"sceneViewState":{"m_AlwaysRefresh":false,"showFog":true,"showSkybox":false,"showFlares":true,"showImageEffects":true,"showParticleSystems":true,"showVisualEffectGraphs":true,"m_FxEnabled":true},"in2DMode":false,"pivot":{"x":-0.6965265274047852,"y":1.3468974828720093,"z":0.5307409763336182},"rotation":{"x":-0.016772978007793428,"y":0.06504183262586594,"z":-0.00109348283149302,"w":-0.9977431893348694},"size":2.666025161743164,"orthographic":false}