{"cameraMode":{"drawMode":0,"name":"Shaded","section":"Shading Mode"},"sceneLighting":false,"audioPlay":false,"sceneViewState":{"m_AlwaysRefresh":false,"showFog":true,"showSkybox":false,"showFlares":true,"showImageEffects":true,"showParticleSystems":true,"showVisualEffectGraphs":true,"m_FxEnabled":true},"in2DMode":false,"pivot":{"x":-0.37901878356933596,"y":1.443755030632019,"z":-0.26299357414245608},"rotation":{"x":-0.1766839176416397,"y":-0.2701408267021179,"z":0.05050084367394447,"w":-0.9451227188110352},"size":2.2430331707000734,"orthographic":false}