{"cameraMode":{"drawMode":0,"name":"Shaded","section":"Shading Mode"},"sceneLighting":false,"audioPlay":false,"sceneViewState":{"m_AlwaysRefresh":false,"showFog":true,"showSkybox":false,"showFlares":true,"showImageEffects":true,"showParticleSystems":true,"showVisualEffectGraphs":true,"m_FxEnabled":true},"in2DMode":false,"pivot":{"x":0.27448105812072756,"y":1.066821575164795,"z":0.22259318828582765},"rotation":{"x":0.036595169454813007,"y":0.960125744342804,"z":-0.23222282528877259,"w":0.15130282938480378},"size":2.505255937576294,"orthographic":false}