{"cameraMode":{"drawMode":0,"name":"Shaded","section":"Shading Mode"},"sceneLighting":false,"audioPlay":false,"sceneViewState":{"m_AlwaysRefresh":false,"showFog":true,"showSkybox":false,"showFlares":true,"showImageEffects":true,"showParticleSystems":true,"showVisualEffectGraphs":true,"m_FxEnabled":true},"in2DMode":false,"pivot":{"x":-0.9965930581092835,"y":0.18859881162643434,"z":-1.7044475078582764},"rotation":{"x":-0.20279425382614137,"y":-0.030255163088440896,"z":0.006268796976655722,"w":-0.9787341952323914},"size":3.5321407318115236,"orthographic":false}