{"cameraMode":{"drawMode":0,"name":"Shaded","section":"Shading Mode"},"sceneLighting":false,"audioPlay":false,"sceneViewState":{"m_AlwaysRefresh":false,"showFog":true,"showSkybox":false,"showFlares":true,"showImageEffects":true,"showParticleSystems":true,"showVisualEffectGraphs":true,"m_FxEnabled":true},"in2DMode":false,"pivot":{"x":245.84669494628907,"y":-18.234018325805665,"z":-28.42133331298828},"rotation":{"x":0.0009105215431191027,"y":0.9608395099639893,"z":-0.2771354615688324,"w":0.0031721158884465696},"size":35.69388961791992,"orthographic":false}