{"cameraMode":{"drawMode":0,"name":"Shaded","section":"Shading Mode"},"sceneLighting":false,"audioPlay":false,"sceneViewState":{"m_AlwaysRefresh":false,"showFog":true,"showSkybox":false,"showFlares":true,"showImageEffects":true,"showParticleSystems":true,"showVisualEffectGraphs":true,"m_FxEnabled":true},"in2DMode":false,"pivot":{"x":0.7875737547874451,"y":-1.9286179542541505,"z":1.312718391418457},"rotation":{"x":-0.22088973224163056,"y":0.040045496076345447,"z":-0.009072961285710335,"w":-0.9744669198989868},"size":5.459547996520996,"orthographic":false}