{"cameraMode":{"drawMode":0,"name":"Shaded","section":"Shading Mode"},"sceneLighting":false,"audioPlay":false,"sceneViewState":{"m_AlwaysRefresh":false,"showFog":true,"showSkybox":false,"showFlares":true,"showImageEffects":true,"showParticleSystems":true,"showVisualEffectGraphs":true,"m_FxEnabled":true},"in2DMode":false,"pivot":{"x":-2.6481571197509767,"y":1.8998363018035889,"z":-0.5290651321411133},"rotation":{"x":-0.012800205498933792,"y":0.1306891143321991,"z":-0.0016816508723422886,"w":-0.9913724660873413},"size":4.286600589752197,"orthographic":false}