{"cameraMode":{"drawMode":0,"name":"Shaded","section":"Shading Mode"},"sceneLighting":false,"audioPlay":false,"sceneViewState":{"m_AlwaysRefresh":false,"showFog":false,"showSkybox":false,"showFlares":false,"showImageEffects":false,"showParticleSystems":false,"showVisualEffectGraphs":true,"m_FxEnabled":true},"in2DMode":false,"pivot":{"x":0.042590051889419559,"y":0.7355601787567139,"z":0.2364945411682129},"rotation":{"x":-0.24358566105365754,"y":0.6882394552230835,"z":-0.26639607548713686,"w":-0.6293076276779175},"size":1.1925150156021119,"orthographic":false}