{"cameraMode":{"drawMode":0,"name":"Shaded","section":"Shading Mode"},"sceneLighting":false,"audioPlay":false,"sceneViewState":{"m_AlwaysRefresh":false,"showFog":true,"showSkybox":false,"showFlares":true,"showImageEffects":true,"showParticleSystems":true,"showVisualEffectGraphs":true,"m_FxEnabled":true},"in2DMode":false,"pivot":{"x":-0.7804999947547913,"y":0.2955000400543213,"z":-0.0025000572204589845},"rotation":{"x":-0.3457445502281189,"y":0.29954826831817629,"z":-0.11749864369630814,"w":-0.8814337253570557},"size":2.5291078090667726,"orthographic":false}