{"cameraMode":{"drawMode":0,"name":"Shaded","section":"Shading Mode"},"sceneLighting":false,"audioPlay":false,"sceneViewState":{"m_AlwaysRefresh":false,"showFog":true,"showSkybox":false,"showFlares":true,"showImageEffects":true,"showParticleSystems":true,"showVisualEffectGraphs":true,"m_FxEnabled":true},"in2DMode":false,"pivot":{"x":0.011746056377887726,"y":-0.10095502436161041,"z":-0.07984644174575806},"rotation":{"x":-0.05153026431798935,"y":0.7133838534355164,"z":-0.05275017395615578,"w":-0.6968846321105957},"size":0.4530375897884369,"orthographic":false}