{"cameraMode":{"drawMode":0,"name":"Shaded","section":"Shading Mode"},"sceneLighting":false,"audioPlay":false,"sceneViewState":{"m_AlwaysRefresh":false,"showFog":true,"showSkybox":false,"showFlares":true,"showImageEffects":true,"showParticleSystems":true,"showVisualEffectGraphs":true,"m_FxEnabled":true},"in2DMode":false,"pivot":{"x":2.7536723613739015,"y":-0.42323732376098635,"z":-2.8644113540649416},"rotation":{"x":-0.055708110332489017,"y":0.9164870381355286,"z":-0.13739797472953797,"w":-0.3715934157371521},"size":3.6575586795806886,"orthographic":false}