{"cameraMode":{"drawMode":0,"name":"Shaded","section":"Shading Mode"},"sceneLighting":false,"audioPlay":false,"sceneViewState":{"m_AlwaysRefresh":false,"showFog":true,"showSkybox":false,"showFlares":true,"showImageEffects":true,"showParticleSystems":true,"showVisualEffectGraphs":true,"m_FxEnabled":true},"in2DMode":false,"pivot":{"x":-1.0439205169677735,"y":2.7305984497070314,"z":-0.7642326354980469},"rotation":{"x":0.06030048429965973,"y":0.9371113181114197,"z":-0.20445483922958375,"w":0.2763843834400177},"size":33.94636917114258,"orthographic":false}