{"cameraMode":{"drawMode":0,"name":"Shaded","section":"Shading Mode"},"sceneLighting":false,"audioPlay":false,"sceneViewState":{"m_AlwaysRefresh":false,"showFog":true,"showSkybox":false,"showFlares":true,"showImageEffects":true,"showParticleSystems":true,"showVisualEffectGraphs":true,"m_FxEnabled":true},"in2DMode":false,"pivot":{"x":-0.4439220428466797,"y":3.7943058013916017,"z":0.10649871826171875},"rotation":{"x":-0.029240259900689126,"y":-0.44764944911003115,"z":0.014648054726421833,"w":-0.8936122059822083},"size":36.76681900024414,"orthographic":false}