{"cameraMode":{"drawMode":0,"name":"Shaded","section":"Shading Mode"},"sceneLighting":false,"audioPlay":false,"sceneViewState":{"m_AlwaysRefresh":false,"showFog":true,"showSkybox":false,"showFlares":true,"showImageEffects":true,"showParticleSystems":true,"showVisualEffectGraphs":true,"m_FxEnabled":true},"in2DMode":false,"pivot":{"x":240.5596923828125,"y":-0.06848764419555664,"z":-2.2407913208007814},"rotation":{"x":-0.01195080392062664,"y":0.9870766997337341,"z":-0.13287432491779328,"w":-0.08877808600664139},"size":7.568597793579102,"orthographic":false}