{"cameraMode":{"drawMode":0,"name":"Shaded","section":"Shading Mode"},"sceneLighting":false,"audioPlay":false,"sceneViewState":{"m_AlwaysRefresh":false,"showFog":true,"showSkybox":false,"showFlares":true,"showImageEffects":true,"showParticleSystems":true,"showVisualEffectGraphs":true,"m_FxEnabled":true},"in2DMode":false,"pivot":{"x":-3.1348371505737306,"y":-2.4326653480529787,"z":17.437698364257814},"rotation":{"x":-0.26304447650909426,"y":-0.5533965229988098,"z":0.18974202871322633,"w":-0.7671800255775452},"size":6.5244951248168949,"orthographic":false}