{"cameraMode":{"drawMode":0,"name":"Shaded","section":"Shading Mode"},"sceneLighting":false,"audioPlay":false,"sceneViewState":{"m_AlwaysRefresh":false,"showFog":true,"showSkybox":false,"showFlares":true,"showImageEffects":true,"showParticleSystems":true,"showVisualEffectGraphs":true,"m_FxEnabled":true},"in2DMode":false,"pivot":{"x":-0.22828245162963868,"y":0.27306652069091799,"z":-0.027225017547607423},"rotation":{"x":-0.24263307452201844,"y":0.26841744780540469,"z":-0.07005857676267624,"w":-0.9296087622642517},"size":3.2165722846984865,"orthographic":false}