{"cameraMode":{"drawMode":0,"name":"Shaded","section":"Shading Mode"},"sceneLighting":true,"audioPlay":false,"sceneViewState":{"m_AlwaysRefresh":false,"showFog":true,"showSkybox":false,"showFlares":true,"showImageEffects":true,"showParticleSystems":true,"showVisualEffectGraphs":true,"m_FxEnabled":true},"in2DMode":false,"pivot":{"x":0.12227725982666016,"y":12.877235412597657,"z":-0.5157737731933594},"rotation":{"x":-0.020099259912967683,"y":-0.9797756671905518,"z":0.14868934452533723,"w":-0.13244684040546418},"size":17.817245483398439,"orthographic":false}