{"cameraMode":{"drawMode":0,"name":"Shaded","section":"Shading Mode"},"sceneLighting":true,"audioPlay":false,"sceneViewState":{"m_AlwaysRefresh":false,"showFog":true,"showSkybox":true,"showFlares":true,"showImageEffects":true,"showParticleSystems":true,"showVisualEffectGraphs":true,"m_FxEnabled":true},"in2DMode":false,"pivot":{"x":1.8038138151168824,"y":-0.14747613668441773,"z":99.45378112792969},"rotation":{"x":0.043927233666181567,"y":0.08714258670806885,"z":-0.003846812294796109,"w":0.9952273368835449},"size":2.86039400100708,"orthographic":false}