{"cameraMode":{"drawMode":0,"name":"Shaded","section":"Shading Mode"},"sceneLighting":true,"audioPlay":false,"sceneViewState":{"m_AlwaysRefresh":false,"showFog":true,"showSkybox":false,"showFlares":true,"showImageEffects":true,"showParticleSystems":true,"showVisualEffectGraphs":true,"m_FxEnabled":true},"in2DMode":false,"pivot":{"x":-0.41263747215270998,"y":1.4790856838226319,"z":-8.477503776550293},"rotation":{"x":-0.23832708597183228,"y":-0.10182870924472809,"z":-0.01591830514371395,"w":-0.9657074809074402},"size":3.154771566390991,"orthographic":false}