{"cameraMode":{"drawMode":0,"name":"Shaded","section":"Shading Mode"},"sceneLighting":false,"audioPlay":false,"sceneViewState":{"m_AlwaysRefresh":false,"showFog":true,"showSkybox":false,"showFlares":true,"showImageEffects":true,"showParticleSystems":true,"showVisualEffectGraphs":true,"m_FxEnabled":true},"in2DMode":false,"pivot":{"x":-0.4646341800689697,"y":1.541572093963623,"z":0.05083775520324707},"rotation":{"x":-0.06776774674654007,"y":0.6571452617645264,"z":-0.059508487582206729,"w":-0.7483505010604858},"size":3.2848927974700929,"orthographic":false}