{"cameraMode":{"drawMode":0,"name":"Shaded","section":"Shading Mode"},"sceneLighting":false,"audioPlay":false,"sceneViewState":{"m_AlwaysRefresh":false,"showFog":true,"showSkybox":false,"showFlares":true,"showImageEffects":true,"showParticleSystems":true,"showVisualEffectGraphs":true,"m_FxEnabled":true},"in2DMode":false,"pivot":{"x":-0.2854337692260742,"y":0.3456001281738281,"z":0.15682601928710938},"rotation":{"x":-0.6968891620635986,"y":0.017624197527766229,"z":-0.017155509442090989,"w":-0.7168067097663879},"size":16.45392608642578,"orthographic":false}