{"cameraMode":{"drawMode":0,"name":"Shaded","section":"Shading Mode"},"sceneLighting":false,"audioPlay":false,"sceneViewState":{"m_AlwaysRefresh":false,"showFog":true,"showSkybox":false,"showFlares":true,"showImageEffects":true,"showParticleSystems":true,"showVisualEffectGraphs":true,"m_FxEnabled":true},"in2DMode":false,"pivot":{"x":-1.4638044834136963,"y":3.061884880065918,"z":-1.5160160064697266},"rotation":{"x":-0.013668715953826905,"y":0.9860674142837524,"z":-0.12822380661964417,"w":-0.10511485487222672},"size":12.90815544128418,"orthographic":false}