{"cameraMode":{"drawMode":0,"name":"Shaded","section":"Shading Mode"},"sceneLighting":false,"audioPlay":false,"sceneViewState":{"m_AlwaysRefresh":false,"showFog":true,"showSkybox":false,"showFlares":true,"showImageEffects":true,"showParticleSystems":true,"showVisualEffectGraphs":true,"m_FxEnabled":true},"in2DMode":false,"pivot":{"x":-2.71577525138855,"y":-0.7526199817657471,"z":1.9017369747161866},"rotation":{"x":-0.18904690444469453,"y":0.07855939865112305,"z":-0.015176999382674694,"w":-0.9787120819091797},"size":10.128623008728028,"orthographic":false}