{"cameraMode":{"drawMode":0,"name":"Shaded","section":"Shading Mode"},"sceneLighting":false,"audioPlay":false,"sceneViewState":{"m_AlwaysRefresh":false,"showFog":true,"showSkybox":false,"showFlares":true,"showImageEffects":true,"showParticleSystems":true,"showVisualEffectGraphs":true,"m_FxEnabled":true},"in2DMode":false,"pivot":{"x":-0.024257183074951173,"y":2.159313678741455,"z":-0.030927658081054689},"rotation":{"x":-0.21873177587985993,"y":-0.16535072028636933,"z":0.03763996809720993,"w":-0.960940957069397},"size":3.080167293548584,"orthographic":false}