{"cameraMode":{"drawMode":0,"name":"Shaded","section":"Shading Mode"},"sceneLighting":false,"audioPlay":false,"sceneViewState":{"m_AlwaysRefresh":false,"showFog":true,"showSkybox":false,"showFlares":true,"showImageEffects":true,"showParticleSystems":true,"showVisualEffectGraphs":true,"m_FxEnabled":true},"in2DMode":false,"pivot":{"x":0.1060791015625,"y":3.5470046997070314,"z":2.6757678985595705},"rotation":{"x":0.0009866813197731972,"y":0.996994137763977,"z":-0.07642862945795059,"w":0.012862191535532475},"size":7.721857070922852,"orthographic":false}