{"cameraMode":{"drawMode":0,"name":"Shaded","section":"Shading Mode"},"sceneLighting":false,"audioPlay":false,"sceneViewState":{"m_AlwaysRefresh":false,"showFog":true,"showSkybox":false,"showFlares":true,"showImageEffects":true,"showParticleSystems":true,"showVisualEffectGraphs":true,"m_FxEnabled":true},"in2DMode":false,"pivot":{"x":-0.8726879954338074,"y":1.7656736373901368,"z":1.0777587890625},"rotation":{"x":0.002990176435559988,"y":0.9236225485801697,"z":-0.38323792815208437,"w":0.007204746827483177},"size":7.528676986694336,"orthographic":false}