{"cameraMode":{"drawMode":0,"name":"Shaded","section":"Shading Mode"},"sceneLighting":false,"audioPlay":false,"sceneViewState":{"m_AlwaysRefresh":false,"showFog":true,"showSkybox":false,"showFlares":true,"showImageEffects":true,"showParticleSystems":true,"showVisualEffectGraphs":true,"m_FxEnabled":true},"in2DMode":false,"pivot":{"x":-0.11978912353515625,"y":0.004771232604980469,"z":-3.4181549549102785},"rotation":{"x":-0.06604469567537308,"y":0.6782050132751465,"z":-0.061414577066898349,"w":-0.7293219566345215},"size":23.395076751708986,"orthographic":false}