{"cameraMode":{"drawMode":0,"name":"Shaded","section":"Shading Mode"},"sceneLighting":false,"audioPlay":false,"sceneViewState":{"m_AlwaysRefresh":false,"showFog":true,"showSkybox":false,"showFlares":true,"showImageEffects":true,"showParticleSystems":true,"showVisualEffectGraphs":true,"m_FxEnabled":true},"in2DMode":false,"pivot":{"x":-0.6154541969299316,"y":1.0915323495864869,"z":-0.20496177673339845},"rotation":{"x":0.39199888706207278,"y":0.09412061423063278,"z":-0.039394326508045199,"w":0.9143235087394714},"size":14.39398193359375,"orthographic":false}