{"cameraMode":{"drawMode":0,"name":"Shaded","section":"Shading Mode"},"sceneLighting":false,"audioPlay":false,"sceneViewState":{"m_AlwaysRefresh":false,"showFog":true,"showSkybox":false,"showFlares":true,"showImageEffects":true,"showParticleSystems":true,"showVisualEffectGraphs":true,"m_FxEnabled":true},"in2DMode":false,"pivot":{"x":0.9200000762939453,"y":1.2300000190734864,"z":-0.011524379253387452},"rotation":{"x":0.005827032029628754,"y":-0.9907779693603516,"z":0.04521985352039337,"w":0.12765155732631684},"size":2.7270727157592775,"orthographic":false}