{"cameraMode":{"drawMode":0,"name":"Shaded","section":"Shading Mode"},"sceneLighting":false,"audioPlay":false,"sceneViewState":{"m_AlwaysRefresh":false,"showFog":true,"showSkybox":false,"showFlares":true,"showImageEffects":true,"showParticleSystems":true,"showVisualEffectGraphs":true,"m_FxEnabled":true},"in2DMode":false,"pivot":{"x":0.07707573473453522,"y":-0.10790270566940308,"z":-0.17179012298583985},"rotation":{"x":-0.1279658079147339,"y":0.12225315719842911,"z":-0.015897240489721299,"w":-0.9840871691703796},"size":1.2446223497390748,"orthographic":false}