{"cameraMode":{"drawMode":0,"name":"Shaded","section":"Shading Mode"},"sceneLighting":true,"audioPlay":false,"sceneViewState":{"m_AlwaysRefresh":false,"showFog":true,"showSkybox":false,"showFlares":true,"showImageEffects":true,"showParticleSystems":true,"showVisualEffectGraphs":true,"m_FxEnabled":true},"in2DMode":false,"pivot":{"x":0.9578129053115845,"y":1.937075138092041,"z":1.0562177896499634},"rotation":{"x":0.0018870544154196978,"y":0.9791603088378906,"z":-0.20288293063640595,"w":0.00910731591284275},"size":7.410898208618164,"orthographic":false}