{"cameraMode":{"drawMode":0,"name":"Shaded","section":"Shading Mode"},"sceneLighting":false,"audioPlay":false,"sceneViewState":{"m_AlwaysRefresh":false,"showFog":true,"showSkybox":false,"showFlares":true,"showImageEffects":true,"showParticleSystems":true,"showVisualEffectGraphs":true,"m_FxEnabled":true},"in2DMode":false,"pivot":{"x":0.03999900817871094,"y":1.0560001134872437,"z":-0.15132522583007813},"rotation":{"x":-0.0007275568787008524,"y":-0.9965972900390625,"z":0.08240645378828049,"w":-0.008675074204802513},"size":8.487049102783204,"orthographic":false}