{"cameraMode":{"drawMode":0,"name":"Shaded","section":"Shading Mode"},"sceneLighting":false,"audioPlay":false,"sceneViewState":{"m_AlwaysRefresh":false,"showFog":true,"showSkybox":false,"showFlares":true,"showImageEffects":true,"showParticleSystems":true,"showVisualEffectGraphs":true,"m_FxEnabled":true},"in2DMode":false,"pivot":{"x":-4.920000076293945,"y":0.869999885559082,"z":0.1700000762939453},"rotation":{"x":-0.02730584144592285,"y":-0.005400339141488075,"z":0.00014780927449464798,"w":-0.9996137619018555},"size":10.21729564666748,"orthographic":false}