{"cameraMode":{"drawMode":0,"name":"Shaded","section":"Shading Mode"},"sceneLighting":false,"audioPlay":false,"sceneViewState":{"m_AlwaysRefresh":false,"showFog":true,"showSkybox":false,"showFlares":true,"showImageEffects":true,"showParticleSystems":true,"showVisualEffectGraphs":true,"m_FxEnabled":true},"in2DMode":false,"pivot":{"x":0.019936203956604005,"y":0.7909910678863525,"z":0.01296699047088623},"rotation":{"x":-0.004587972536683083,"y":-0.6866656541824341,"z":0.0043310364708304409,"w":-0.7269577980041504},"size":1.5180584192276,"orthographic":false}