{"cameraMode":{"drawMode":0,"name":"Shaded","section":"Shading Mode"},"sceneLighting":false,"audioPlay":false,"sceneViewState":{"m_AlwaysRefresh":false,"showFog":true,"showSkybox":false,"showFlares":true,"showImageEffects":true,"showParticleSystems":true,"showVisualEffectGraphs":true,"m_FxEnabled":true},"in2DMode":false,"pivot":{"x":-0.21804016828536988,"y":0.17498642206192017,"z":0.0057030413299798969},"rotation":{"x":0.10456573218107224,"y":-0.8877016305923462,"z":0.3730231523513794,"w":0.24882522225379945},"size":0.7703580856323242,"orthographic":false}