{"cameraMode":{"drawMode":0,"name":"Shaded","section":"Shading Mode"},"sceneLighting":false,"audioPlay":false,"sceneViewState":{"m_AlwaysRefresh":false,"showFog":true,"showSkybox":false,"showFlares":true,"showImageEffects":true,"showParticleSystems":true,"showVisualEffectGraphs":true,"m_FxEnabled":true},"in2DMode":false,"pivot":{"x":-1.7666774988174439,"y":8.49543285369873,"z":-0.24708271026611329},"rotation":{"x":-0.012800205498933792,"y":0.1306891143321991,"z":-0.0016816508723422886,"w":-0.9913724660873413},"size":14.995357513427735,"orthographic":false}