{"cameraMode":{"drawMode":0,"name":"Shaded","section":"Shading Mode"},"sceneLighting":false,"audioPlay":false,"sceneViewState":{"m_AlwaysRefresh":false,"showFog":true,"showSkybox":false,"showFlares":true,"showImageEffects":true,"showParticleSystems":true,"showVisualEffectGraphs":true,"m_FxEnabled":true},"in2DMode":false,"pivot":{"x":-3.5762786865234377e-7,"y":1.1018834114074708,"z":-0.40535521507263186},"rotation":{"x":0.009745297022163868,"y":0.9894974231719971,"z":-0.11962389945983887,"w":0.08062542229890824},"size":4.517188549041748,"orthographic":false}