{"cameraMode":{"drawMode":0,"name":"Shaded","section":"Shading Mode"},"sceneLighting":false,"audioPlay":false,"sceneViewState":{"m_AlwaysRefresh":false,"showFog":true,"showSkybox":false,"showFlares":true,"showImageEffects":true,"showParticleSystems":true,"showVisualEffectGraphs":true,"m_FxEnabled":true},"in2DMode":false,"pivot":{"x":-48.20191192626953,"y":-49.899330139160159,"z":361.75482177734377},"rotation":{"x":-0.07359413057565689,"y":0.06338108330965042,"z":-0.004699331242591143,"w":-0.9952822923660278},"size":190.7569122314453,"orthographic":false}