{"cameraMode":{"drawMode":0,"name":"Shaded","section":"Shading Mode"},"sceneLighting":false,"audioPlay":false,"sceneViewState":{"m_AlwaysRefresh":false,"showFog":true,"showSkybox":false,"showFlares":true,"showImageEffects":true,"showParticleSystems":true,"showVisualEffectGraphs":true,"m_FxEnabled":true},"in2DMode":false,"pivot":{"x":240.92556762695313,"y":0.5877285003662109,"z":2.094355821609497},"rotation":{"x":-0.12366236746311188,"y":0.8734819889068604,"z":-0.36859172582626345,"w":-0.29305294156074526},"size":5.528769493103027,"orthographic":false}