{"cameraMode":{"drawMode":0,"name":"Shaded","section":"Shading Mode"},"sceneLighting":false,"audioPlay":false,"sceneViewState":{"m_AlwaysRefresh":false,"showFog":true,"showSkybox":false,"showFlares":true,"showImageEffects":true,"showParticleSystems":true,"showVisualEffectGraphs":true,"m_FxEnabled":true},"in2DMode":false,"pivot":{"x":0.47149717807769778,"y":-5.894107818603516,"z":6.553899765014648},"rotation":{"x":-0.30783987045288088,"y":-0.0008838962530717254,"z":0.0002869107120204717,"w":-0.9514755606651306},"size":9.356009483337403,"orthographic":false}