{"cameraMode":{"drawMode":0,"name":"Shaded","section":"Shading Mode"},"sceneLighting":true,"audioPlay":false,"sceneViewState":{"m_AlwaysRefresh":false,"showFog":true,"showSkybox":true,"showFlares":true,"showImageEffects":true,"showParticleSystems":true,"showVisualEffectGraphs":true,"m_FxEnabled":true},"in2DMode":false,"pivot":{"x":-0.4439220428466797,"y":5.967557907104492,"z":25.746353149414064},"rotation":{"x":0.0009866813197731972,"y":0.996994137763977,"z":-0.07642862945795059,"w":0.012862191535532475},"size":56.723628997802737,"orthographic":false}