{"cameraMode":{"drawMode":0,"name":"Shaded","section":"Shading Mode"},"sceneLighting":false,"audioPlay":false,"sceneViewState":{"m_AlwaysRefresh":false,"showFog":true,"showSkybox":false,"showFlares":true,"showImageEffects":true,"showParticleSystems":true,"showVisualEffectGraphs":true,"m_FxEnabled":true},"in2DMode":false,"pivot":{"x":-0.0029670000076293947,"y":0.48154330253601076,"z":2.2913503646850588},"rotation":{"x":-0.286882221698761,"y":0.6631712913513184,"z":-0.30720746517181399,"w":-0.6192951202392578},"size":0.24205619096755982,"orthographic":false}