{"cameraMode":{"drawMode":0,"name":"Shaded","section":"Shading Mode"},"sceneLighting":true,"audioPlay":false,"sceneViewState":{"m_AlwaysRefresh":false,"showFog":true,"showSkybox":true,"showFlares":true,"showImageEffects":true,"showParticleSystems":true,"showVisualEffectGraphs":true,"m_FxEnabled":true},"in2DMode":false,"pivot":{"x":-0.5466281771659851,"y":0.42066293954849245,"z":-8.6649751663208},"rotation":{"x":-0.00775268767029047,"y":0.9874435663223267,"z":-0.14954952895641328,"w":-0.05101851001381874},"size":2.0341851711273195,"orthographic":false}