{"cameraMode":{"drawMode":0,"name":"Shaded","section":"Shading Mode"},"sceneLighting":true,"audioPlay":false,"sceneViewState":{"m_AlwaysRefresh":false,"showFog":true,"showSkybox":false,"showFlares":true,"showImageEffects":true,"showParticleSystems":true,"showVisualEffectGraphs":true,"m_FxEnabled":true},"in2DMode":false,"pivot":{"x":-3.807021379470825,"y":11.137226104736329,"z":0.8860273361206055},"rotation":{"x":0.005827032029628754,"y":-0.9907779693603516,"z":0.04521985352039337,"w":0.12765155732631684},"size":18.612443923950197,"orthographic":false}