{"cameraMode":{"drawMode":0,"name":"Shaded","section":"Shading Mode"},"sceneLighting":false,"audioPlay":false,"sceneViewState":{"m_AlwaysRefresh":false,"showFog":true,"showSkybox":false,"showFlares":true,"showImageEffects":true,"showParticleSystems":true,"showVisualEffectGraphs":true,"m_FxEnabled":true},"in2DMode":false,"pivot":{"x":-0.6154541969299316,"y":1.0915323495864869,"z":-0.20496177673339845},"rotation":{"x":0.003749013179913163,"y":0.981155276298523,"z":-0.1922687590122223,"w":0.019136177375912668},"size":4.48018741607666,"orthographic":false}