{"cameraMode":{"drawMode":0,"name":"Shaded","section":"Shading Mode"},"sceneLighting":false,"audioPlay":false,"sceneViewState":{"m_AlwaysRefresh":false,"showFog":true,"showSkybox":false,"showFlares":true,"showImageEffects":true,"showParticleSystems":true,"showVisualEffectGraphs":true,"m_FxEnabled":true},"in2DMode":false,"pivot":{"x":0.5285902619361877,"y":1.176518440246582,"z":-0.4938812255859375},"rotation":{"x":0.15134748816490174,"y":0.22328531742095948,"z":-0.03511796519160271,"w":0.9622926115989685},"size":4.201930999755859,"orthographic":true}