{"cameraMode":{"drawMode":0,"name":"Shaded","section":"Shading Mode"},"sceneLighting":false,"audioPlay":false,"sceneViewState":{"m_AlwaysRefresh":false,"showFog":true,"showSkybox":false,"showFlares":true,"showImageEffects":true,"showParticleSystems":true,"showVisualEffectGraphs":true,"m_FxEnabled":true},"in2DMode":false,"pivot":{"x":-0.2854337692260742,"y":0.5956001281738281,"z":0.15682601928710938},"rotation":{"x":0.39199888706207278,"y":0.09412061423063278,"z":-0.039394326508045199,"w":0.9143235087394714},"size":16.45392608642578,"orthographic":false}