{"cameraMode":{"drawMode":0,"name":"Shaded","section":"Shading Mode"},"sceneLighting":false,"audioPlay":false,"sceneViewState":{"m_AlwaysRefresh":false,"showFog":true,"showSkybox":false,"showFlares":true,"showImageEffects":true,"showParticleSystems":true,"showVisualEffectGraphs":true,"m_FxEnabled":true},"in2DMode":false,"pivot":{"x":1.1920928955078126e-7,"y":0.7292258739471436,"z":0.1770717203617096},"rotation":{"x":-0.20141859352588654,"y":-0.7186331152915955,"z":0.23202934861183167,"w":-0.6238260269165039},"size":0.8660253882408142,"orthographic":false}