{"cameraMode":{"drawMode":0,"name":"Shaded","section":"Shading Mode"},"sceneLighting":true,"audioPlay":false,"sceneViewState":{"m_AlwaysRefresh":false,"showFog":true,"showSkybox":false,"showFlares":true,"showImageEffects":true,"showParticleSystems":true,"showVisualEffectGraphs":true,"m_FxEnabled":true},"in2DMode":false,"pivot":{"x":-0.6710559725761414,"y":1.0319864749908448,"z":-7.11552619934082},"rotation":{"x":0.28104910254478457,"y":-0.016846342012286187,"z":0.005791983101516962,"w":0.9595721960067749},"size":10.424589157104493,"orthographic":false}