{"cameraMode":{"drawMode":0,"name":"Shaded","section":"Shading Mode"},"sceneLighting":false,"audioPlay":false,"sceneViewState":{"m_AlwaysRefresh":false,"showFog":true,"showSkybox":false,"showFlares":true,"showImageEffects":true,"showParticleSystems":true,"showVisualEffectGraphs":true,"m_FxEnabled":true},"in2DMode":false,"pivot":{"x":243.05526733398438,"y":3.0500049591064455,"z":-0.1842327117919922},"rotation":{"x":0.0009866813197731972,"y":0.996994137763977,"z":-0.07642862945795059,"w":0.012862191535532475},"size":15.38835620880127,"orthographic":false}