{"cameraMode":{"drawMode":0,"name":"Shaded","section":"Shading Mode"},"sceneLighting":false,"audioPlay":false,"sceneViewState":{"m_AlwaysRefresh":false,"showFog":true,"showSkybox":false,"showFlares":true,"showImageEffects":true,"showParticleSystems":true,"showVisualEffectGraphs":true,"m_FxEnabled":true},"in2DMode":false,"pivot":{"x":-0.6187515258789063,"y":0.13405632972717286,"z":-1.430129885673523},"rotation":{"x":-0.05153026431798935,"y":0.7133838534355164,"z":-0.05275017395615578,"w":-0.6968846321105957},"size":3.0521035194396974,"orthographic":false}