{"cameraMode":{"drawMode":0,"name":"Shaded","section":"Shading Mode"},"sceneLighting":false,"audioPlay":false,"sceneViewState":{"m_AlwaysRefresh":false,"showFog":true,"showSkybox":false,"showFlares":true,"showImageEffects":true,"showParticleSystems":true,"showVisualEffectGraphs":true,"m_FxEnabled":true},"in2DMode":false,"pivot":{"x":-0.9221763610839844,"y":1.1663751602172852,"z":-0.5037498474121094},"rotation":{"x":0.020343130454421045,"y":0.7575405836105347,"z":0.023636525496840478,"w":-0.6520469188690186},"size":1.0817692279815674,"orthographic":false}