{"cameraMode":{"drawMode":0,"name":"Shaded","section":"Shading Mode"},"sceneLighting":false,"audioPlay":false,"sceneViewState":{"m_AlwaysRefresh":false,"showFog":true,"showSkybox":false,"showFlares":true,"showImageEffects":true,"showParticleSystems":true,"showVisualEffectGraphs":true,"m_FxEnabled":true},"in2DMode":false,"pivot":{"x":0.6948658227920532,"y":0.5426652431488037,"z":3.197969436645508},"rotation":{"x":-0.08556798845529556,"y":-0.056165698915719989,"z":0.0048313988372683529,"w":-0.9947362542152405},"size":3.0723607540130617,"orthographic":false}