{"cameraMode":{"drawMode":0,"name":"Shaded","section":"Shading Mode"},"sceneLighting":true,"audioPlay":false,"sceneViewState":{"m_AlwaysRefresh":false,"showFog":true,"showSkybox":false,"showFlares":true,"showImageEffects":true,"showParticleSystems":true,"showVisualEffectGraphs":true,"m_FxEnabled":true},"in2DMode":false,"pivot":{"x":-2.5016801357269289,"y":7.316073417663574,"z":6.864461898803711},"rotation":{"x":-0.008677572011947632,"y":-0.05397837236523628,"z":-0.0004732383240479976,"w":0.9985158443450928},"size":15.481637001037598,"orthographic":false}