{"cameraMode":{"drawMode":0,"name":"Shaded","section":"Shading Mode"},"sceneLighting":false,"audioPlay":false,"sceneViewState":{"m_AlwaysRefresh":false,"showFog":true,"showSkybox":false,"showFlares":true,"showImageEffects":true,"showParticleSystems":true,"showVisualEffectGraphs":true,"m_FxEnabled":true},"in2DMode":false,"pivot":{"x":-6.443759441375732,"y":0.4330598711967468,"z":-0.07875525951385498},"rotation":{"x":-0.1405341476202011,"y":-0.014250822365283966,"z":0.001987447729334235,"w":-0.9899999499320984},"size":9.807937622070313,"orthographic":false}