{"cameraMode":{"drawMode":0,"name":"Shaded","section":"Shading Mode"},"sceneLighting":true,"audioPlay":false,"sceneViewState":{"m_AlwaysRefresh":false,"showFog":true,"showSkybox":true,"showFlares":true,"showImageEffects":true,"showParticleSystems":true,"showVisualEffectGraphs":true,"m_FxEnabled":true},"in2DMode":false,"pivot":{"x":0.20936645567417146,"y":1.8005070686340333,"z":-8.61061954498291},"rotation":{"x":-0.001328927231952548,"y":0.997417688369751,"z":0.019143272191286088,"w":0.06923280656337738},"size":1.6741514205932618,"orthographic":false}