{"cameraMode":{"drawMode":0,"name":"Shaded","section":"Shading Mode"},"sceneLighting":true,"audioPlay":false,"sceneViewState":{"m_AlwaysRefresh":false,"showFog":true,"showSkybox":true,"showFlares":true,"showImageEffects":true,"showParticleSystems":true,"showVisualEffectGraphs":true,"m_FxEnabled":true},"in2DMode":false,"pivot":{"x":269.72100830078127,"y":469.7466125488281,"z":-0.6797049641609192},"rotation":{"x":0.009745297022163868,"y":0.9894974231719971,"z":-0.11962389945983887,"w":0.08062542229890824},"size":157.84242248535157,"orthographic":false}