{"cameraMode":{"drawMode":0,"name":"Shaded","section":"Shading Mode"},"sceneLighting":false,"audioPlay":false,"sceneViewState":{"m_AlwaysRefresh":false,"showFog":true,"showSkybox":false,"showFlares":true,"showImageEffects":true,"showParticleSystems":true,"showVisualEffectGraphs":true,"m_FxEnabled":true},"in2DMode":false,"pivot":{"x":-4.740808010101318,"y":-2.73374605178833,"z":-2.0035295486450197},"rotation":{"x":-0.32916557788848879,"y":0.001955896383151412,"z":-0.0006792797357775271,"w":-0.9443008303642273},"size":6.875062465667725,"orthographic":false}