{"cameraMode":{"drawMode":0,"name":"Shaded","section":"Shading Mode"},"sceneLighting":false,"audioPlay":false,"sceneViewState":{"m_AlwaysRefresh":false,"showFog":true,"showSkybox":false,"showFlares":true,"showImageEffects":true,"showParticleSystems":true,"showVisualEffectGraphs":true,"m_FxEnabled":true},"in2DMode":false,"pivot":{"x":-3.113555431365967,"y":3.8529844284057619,"z":-0.7716667652130127},"rotation":{"x":-0.012800205498933792,"y":0.1306891143321991,"z":-0.0016816508723422886,"w":-0.9913724660873413},"size":8.277192115783692,"orthographic":false}