{"cameraMode":{"drawMode":0,"name":"Shaded","section":"Shading Mode"},"sceneLighting":false,"audioPlay":false,"sceneViewState":{"m_AlwaysRefresh":false,"showFog":true,"showSkybox":false,"showFlares":true,"showImageEffects":true,"showParticleSystems":true,"showVisualEffectGraphs":true,"m_FxEnabled":true},"in2DMode":false,"pivot":{"x":-0.12909039855003358,"y":1.0750629901885987,"z":-0.4652084708213806},"rotation":{"x":-0.09806487709283829,"y":0.8152730464935303,"z":-0.14482808113098145,"w":-0.5520312190055847},"size":2.415600538253784,"orthographic":false}