{"cameraMode":{"drawMode":0,"name":"Shaded","section":"Shading Mode"},"sceneLighting":false,"audioPlay":false,"sceneViewState":{"m_AlwaysRefresh":false,"showFog":true,"showSkybox":false,"showFlares":true,"showImageEffects":true,"showParticleSystems":true,"showVisualEffectGraphs":true,"m_FxEnabled":true},"in2DMode":false,"pivot":{"x":-0.4439220428466797,"y":3.7943058013916017,"z":0.10649871826171875},"rotation":{"x":0.0009866813197731972,"y":0.996994137763977,"z":-0.07642862945795059,"w":0.012862191535532475},"size":8.821866989135743,"orthographic":false}