{"cameraMode":{"drawMode":0,"name":"Shaded","section":"Shading Mode"},"sceneLighting":false,"audioPlay":false,"sceneViewState":{"showFog":true,"showMaterialUpdate":false,"showSkybox":false,"showFlares":true,"showImageEffects":true,"showParticleSystems":true},"in2DMode":false,"pivot":{"x":8.940696716308594e-8,"y":0.5853383541107178,"z":-0.1203874945640564},"rotation":{"x":-0.07525346428155899,"y":0.9243582487106323,"z":-0.25016963481903078,"w":-0.27805548906326296},"size":0.7241302728652954,"orthographic":false}