{"cameraMode":{"drawMode":0,"name":"Shaded","section":"Shading Mode"},"sceneLighting":false,"audioPlay":false,"sceneViewState":{"showFog":true,"showMaterialUpdate":false,"showSkybox":false,"showFlares":true,"showImageEffects":true,"showParticleSystems":true},"in2DMode":false,"pivot":{"x":-0.22655272483825684,"y":1.4820923805236817,"z":0.0},"rotation":{"x":-0.06030421704053879,"y":-0.09060222655534744,"z":-0.0054947249591350559,"w":0.9940654635429382},"size":2.431659698486328,"orthographic":false}