{"cameraMode":{"drawMode":0,"name":"Shaded","section":"Shading Mode"},"sceneLighting":false,"audioPlay":false,"sceneViewState":{"showFog":true,"showMaterialUpdate":false,"showSkybox":false,"showFlares":true,"showImageEffects":true,"showParticleSystems":true},"in2DMode":false,"pivot":{"x":8.940696716308594e-8,"y":0.5853383541107178,"z":-0.1203874945640564},"rotation":{"x":-0.13372594118118287,"y":0.8186435103416443,"z":-0.21183520555496217,"w":-0.516789436340332},"size":0.7241302728652954,"orthographic":false}