{"cameraMode":{"drawMode":0,"name":"Shaded","section":"Shading Mode"},"sceneLighting":false,"audioPlay":false,"sceneViewState":{"showFog":true,"showMaterialUpdate":false,"showSkybox":false,"showFlares":true,"showImageEffects":true,"showParticleSystems":true},"in2DMode":false,"pivot":{"x":0.0000027418136596679689,"y":1.0012202262878419,"z":0.07881253957748413},"rotation":{"x":-0.11865366250276566,"y":-0.2929685711860657,"z":0.03667304292321205,"w":-0.9480476975440979},"size":1.989516019821167,"orthographic":false}