{"cameraMode":{"drawMode":0,"name":"Shaded","section":"Shading Mode"},"sceneLighting":false,"audioPlay":false,"sceneViewState":{"showFog":true,"showMaterialUpdate":false,"showSkybox":false,"showFlares":true,"showImageEffects":true,"showParticleSystems":true},"in2DMode":false,"pivot":{"x":-2.740858554840088,"y":0.10053801536560059,"z":0.9637733697891235},"rotation":{"x":-0.21912865340709687,"y":0.0815541222691536,"z":-0.01838398538529873,"w":-0.972111165523529},"size":8.116122245788575,"orthographic":false}