{"cameraMode":{"drawMode":0,"name":"Shaded","section":"Shading Mode"},"sceneLighting":false,"audioPlay":false,"sceneViewState":{"showFog":true,"showMaterialUpdate":false,"showSkybox":false,"showFlares":true,"showImageEffects":true,"showParticleSystems":true},"in2DMode":false,"pivot":{"x":3.5017173290252687,"y":1.4746582508087159,"z":-8.790711402893067},"rotation":{"x":-0.1881893277168274,"y":-0.09442015737295151,"z":0.01817832887172699,"w":-0.977418065071106},"size":5.009159088134766,"orthographic":false}