{"cameraMode":{"drawMode":0,"name":"Shaded","section":"Shading Mode"},"sceneLighting":false,"audioPlay":false,"sceneViewState":{"m_AlwaysRefresh":false,"showFog":true,"showSkybox":false,"showFlares":true,"showImageEffects":true,"showParticleSystems":true,"showVisualEffectGraphs":true,"m_FxEnabled":true},"in2DMode":false,"pivot":{"x":-0.04846818745136261,"y":1.3769203424453736,"z":1.613783359527588},"rotation":{"x":-0.0007275568787008524,"y":-0.9965972900390625,"z":0.08240645378828049,"w":-0.008675074204802513},"size":0.6463557481765747,"orthographic":false}