{"cameraMode":{"drawMode":0,"name":"Shaded","section":"Shading Mode"},"sceneLighting":true,"audioPlay":false,"sceneViewState":{"m_AlwaysRefresh":false,"showFog":true,"showSkybox":false,"showFlares":true,"showImageEffects":true,"showParticleSystems":true,"showVisualEffectGraphs":true,"m_FxEnabled":true},"in2DMode":false,"pivot":{"x":242.6422576904297,"y":3.6356825828552248,"z":0.31186962127685549},"rotation":{"x":-0.2244582325220108,"y":0.05900854244828224,"z":-0.013620655983686448,"w":-0.9726051092147827},"size":6.774354457855225,"orthographic":false}