{"cameraMode":{"drawMode":0,"name":"Shaded","section":"Shading Mode"},"sceneLighting":true,"audioPlay":false,"sceneViewState":{"m_AlwaysRefresh":false,"showFog":true,"showSkybox":true,"showFlares":true,"showImageEffects":true,"showParticleSystems":true,"showVisualEffectGraphs":true,"m_FxEnabled":true},"in2DMode":false,"pivot":{"x":-0.9306356310844421,"y":1.4030861854553223,"z":106.18829345703125},"rotation":{"x":0.03330328315496445,"y":0.004491378553211689,"z":-0.00015244078531395644,"w":0.9994423985481262},"size":9.281067848205567,"orthographic":false}