{"cameraMode":{"drawMode":0,"name":"Shaded","section":"Shading Mode"},"sceneLighting":false,"audioPlay":false,"sceneViewState":{"m_AlwaysRefresh":false,"showFog":true,"showSkybox":false,"showFlares":true,"showImageEffects":true,"showParticleSystems":true,"showVisualEffectGraphs":true,"m_FxEnabled":true},"in2DMode":false,"pivot":{"x":0.1599999964237213,"y":0.7149950265884399,"z":1.6749950647354127},"rotation":{"x":-0.08017421513795853,"y":0.7921357154846191,"z":-0.10663265734910965,"w":-0.5955859422683716},"size":2.4321773052215578,"orthographic":false}