{"cameraMode":{"drawMode":0,"name":"Shaded","section":"Shading Mode"},"sceneLighting":false,"audioPlay":false,"sceneViewState":{"m_AlwaysRefresh":false,"showFog":true,"showSkybox":false,"showFlares":true,"showImageEffects":true,"showParticleSystems":true,"showVisualEffectGraphs":true,"m_FxEnabled":true},"in2DMode":false,"pivot":{"x":0.15999996662139893,"y":1.2300000190734864,"z":2.699751377105713},"rotation":{"x":-0.08017421513795853,"y":0.7921357154846191,"z":-0.10663265734910965,"w":-0.5955859422683716},"size":2.564356803894043,"orthographic":false}