{"cameraMode":{"drawMode":0,"name":"Shaded","section":"Shading Mode"},"sceneLighting":false,"audioPlay":false,"sceneViewState":{"m_AlwaysRefresh":false,"showFog":true,"showSkybox":false,"showFlares":true,"showImageEffects":true,"showParticleSystems":true,"showVisualEffectGraphs":true,"m_FxEnabled":true},"in2DMode":false,"pivot":{"x":-1.6039423942565919,"y":-0.3215937614440918,"z":0.6761975288391113},"rotation":{"x":-0.09346427768468857,"y":0.8925590515136719,"z":-0.21729840338230134,"w":-0.3839070498943329},"size":3.6228456497192385,"orthographic":false}