{"cameraMode":{"drawMode":0,"name":"Shaded","section":"Shading Mode"},"sceneLighting":false,"audioPlay":false,"sceneViewState":{"m_AlwaysRefresh":false,"showFog":true,"showSkybox":false,"showFlares":true,"showImageEffects":true,"showParticleSystems":true,"showVisualEffectGraphs":true,"m_FxEnabled":true},"in2DMode":false,"pivot":{"x":0.9200000762939453,"y":1.2300000190734864,"z":0.3015795946121216},"rotation":{"x":-0.2847652733325958,"y":0.38538190722465517,"z":-0.1263485848903656,"w":-0.8685773611068726},"size":1.3334035873413087,"orthographic":false}