{"cameraMode":{"drawMode":0,"name":"Shaded","section":"Shading Mode"},"sceneLighting":false,"audioPlay":false,"sceneViewState":{"m_AlwaysRefresh":false,"showFog":true,"showSkybox":false,"showFlares":true,"showImageEffects":true,"showParticleSystems":true,"showVisualEffectGraphs":true,"m_FxEnabled":true},"in2DMode":false,"pivot":{"x":0.2529582381248474,"y":-2.6116697788238527,"z":2.744598388671875},"rotation":{"x":0.012649258598685265,"y":0.9801582098007202,"z":-0.18627864122390748,"w":0.0665576234459877},"size":5.127652645111084,"orthographic":false}