{"cameraMode":{"drawMode":0,"name":"Shaded","section":"Shading Mode"},"sceneLighting":false,"audioPlay":false,"sceneViewState":{"m_AlwaysRefresh":false,"showFog":true,"showSkybox":false,"showFlares":true,"showImageEffects":true,"showParticleSystems":true,"showVisualEffectGraphs":true,"m_FxEnabled":true},"in2DMode":false,"pivot":{"x":0.309420108795166,"y":-0.2520650625228882,"z":2.5364725589752199},"rotation":{"x":0.12428024411201477,"y":0.8757198452949524,"z":-0.3317347466945648,"w":0.32808396220207217},"size":2.2199747562408449,"orthographic":false}