{"cameraMode":{"drawMode":0,"name":"Shaded","section":"Shading Mode"},"sceneLighting":false,"audioPlay":false,"sceneViewState":{"m_AlwaysRefresh":false,"showFog":true,"showSkybox":false,"showFlares":true,"showImageEffects":true,"showParticleSystems":true,"showVisualEffectGraphs":true,"m_FxEnabled":true},"in2DMode":false,"pivot":{"x":-2.1285083293914797,"y":8.941094398498536,"z":-1.8627718687057496},"rotation":{"x":0.4101686477661133,"y":0.03610021620988846,"z":-0.015288962051272393,"w":0.9112001061439514},"size":29.49725341796875,"orthographic":false}