{"cameraMode":{"drawMode":0,"name":"Shaded","section":"Shading Mode"},"sceneLighting":false,"audioPlay":false,"sceneViewState":{"m_AlwaysRefresh":false,"showFog":true,"showSkybox":false,"showFlares":true,"showImageEffects":true,"showParticleSystems":true,"showVisualEffectGraphs":true,"m_FxEnabled":true},"in2DMode":false,"pivot":{"x":0.06786473095417023,"y":-0.07499152421951294,"z":-0.2477952241897583},"rotation":{"x":-0.05051209777593613,"y":-0.9491215944290161,"z":0.2055829018354416,"w":-0.23316507041454316},"size":1.3053672313690186,"orthographic":false}