{"cameraMode":{"drawMode":0,"name":"Shaded","section":"Shading Mode"},"sceneLighting":false,"audioPlay":false,"sceneViewState":{"m_AlwaysRefresh":false,"showFog":true,"showSkybox":false,"showFlares":true,"showImageEffects":true,"showParticleSystems":true,"showVisualEffectGraphs":true,"m_FxEnabled":true},"in2DMode":false,"pivot":{"x":0.09960924088954926,"y":-7.77403450012207,"z":2.0749645233154299},"rotation":{"x":0.601446270942688,"y":0.00024681686772964895,"z":-0.00018669838027562946,"w":0.7989148497581482},"size":8.722844123840332,"orthographic":false}