{"cameraMode":{"drawMode":0,"name":"Shaded","section":"Shading Mode"},"sceneLighting":false,"audioPlay":false,"sceneViewState":{"m_AlwaysRefresh":false,"showFog":true,"showSkybox":false,"showFlares":true,"showImageEffects":true,"showParticleSystems":true,"showVisualEffectGraphs":true,"m_FxEnabled":true},"in2DMode":false,"pivot":{"x":230.43870544433595,"y":11.693635940551758,"z":-2.5000686645507814},"rotation":{"x":0.022735049948096277,"y":-0.0794011801481247,"z":0.0018143127672374249,"w":0.9965944886207581},"size":14.35665225982666,"orthographic":false}