{"cameraMode":{"drawMode":0,"name":"Shaded","section":"Shading Mode"},"sceneLighting":false,"audioPlay":false,"sceneViewState":{"m_AlwaysRefresh":false,"showFog":true,"showSkybox":false,"showFlares":true,"showImageEffects":true,"showParticleSystems":true,"showVisualEffectGraphs":true,"m_FxEnabled":true},"in2DMode":false,"pivot":{"x":-1.0439205169677735,"y":2.7305984497070314,"z":-0.7642326354980469},"rotation":{"x":0.0009866813197731972,"y":0.996994137763977,"z":-0.07642862945795059,"w":0.012862191535532475},"size":10.061095237731934,"orthographic":false}