{"cameraMode":{"drawMode":0,"name":"Shaded","section":"Shading Mode"},"sceneLighting":true,"audioPlay":false,"sceneViewState":{"m_AlwaysRefresh":false,"showFog":true,"showSkybox":true,"showFlares":true,"showImageEffects":true,"showParticleSystems":true,"showVisualEffectGraphs":true,"m_FxEnabled":true},"in2DMode":false,"pivot":{"x":4.9646077156066898,"y":-3.468252658843994,"z":116.92124938964844},"rotation":{"x":-0.09611591696739197,"y":0.030450783669948579,"z":-0.002941784681752324,"w":-0.9949005842208862},"size":15.373092651367188,"orthographic":false}