{"cameraMode":{"drawMode":0,"name":"Shaded","section":"Shading Mode"},"sceneLighting":false,"audioPlay":false,"sceneViewState":{"m_AlwaysRefresh":false,"showFog":true,"showSkybox":false,"showFlares":true,"showImageEffects":true,"showParticleSystems":true,"showVisualEffectGraphs":true,"m_FxEnabled":true},"in2DMode":false,"pivot":{"x":-0.13546717166900636,"y":0.4162352681159973,"z":0.17265725135803224},"rotation":{"x":-0.12150883674621582,"y":0.0005930038751102984,"z":-0.00007292214286280796,"w":-0.9925904870033264},"size":2.3321409225463869,"orthographic":false}