{"cameraMode":{"drawMode":0,"name":"Shaded","section":"Shading Mode"},"sceneLighting":false,"audioPlay":false,"sceneViewState":{"m_AlwaysRefresh":false,"showFog":true,"showSkybox":false,"showFlares":true,"showImageEffects":true,"showParticleSystems":true,"showVisualEffectGraphs":true,"m_FxEnabled":true},"in2DMode":false,"pivot":{"x":0.2135176658630371,"y":0.7775464057922363,"z":-1.2210575342178345},"rotation":{"x":-0.10048453509807587,"y":0.8413031697273254,"z":-0.16774795949459077,"w":-0.5039578676223755},"size":1.8116555213928223,"orthographic":false}