{"cameraMode":{"drawMode":0,"name":"Shaded","section":"Shading Mode"},"sceneLighting":false,"audioPlay":false,"sceneViewState":{"m_AlwaysRefresh":false,"showFog":true,"showSkybox":false,"showFlares":true,"showImageEffects":true,"showParticleSystems":true,"showVisualEffectGraphs":true,"m_FxEnabled":true},"in2DMode":false,"pivot":{"x":-1.5335962772369385,"y":2.000722885131836,"z":-0.33658862113952639},"rotation":{"x":-0.012800205498933792,"y":0.1306891143321991,"z":-0.0016816508723422886,"w":-0.9913724660873413},"size":5.6660261154174809,"orthographic":false}