{"cameraMode":{"drawMode":0,"name":"Shaded","section":"Shading Mode"},"sceneLighting":false,"audioPlay":false,"sceneViewState":{"m_AlwaysRefresh":false,"showFog":true,"showSkybox":false,"showFlares":true,"showImageEffects":true,"showParticleSystems":true,"showVisualEffectGraphs":true,"m_FxEnabled":true},"in2DMode":false,"pivot":{"x":-0.49261176586151125,"y":0.7154669761657715,"z":-3.974093437194824},"rotation":{"x":-0.3277500569820404,"y":-0.000875958357937634,"z":0.0003109552199020982,"w":-0.9447983503341675},"size":4.443776607513428,"orthographic":false}