{"cameraMode":{"drawMode":0,"name":"Shaded","section":"Shading Mode"},"sceneLighting":false,"audioPlay":false,"sceneViewState":{"m_AlwaysRefresh":false,"showFog":true,"showSkybox":false,"showFlares":true,"showImageEffects":true,"showParticleSystems":true,"showVisualEffectGraphs":true,"m_FxEnabled":true},"in2DMode":false,"pivot":{"x":1.2367544174194337,"y":1.5153305530548096,"z":-1.9912405014038087},"rotation":{"x":-0.004153944551944733,"y":0.9958471655845642,"z":0.06401161104440689,"w":0.06462221592664719},"size":1.0651559829711915,"orthographic":false}